Stock_Name,Stock_Species,Stock_Abundance,Forecasting_Year,Run_Year,Average_Escapement_Total,CV_Escapement_Total,Average_Terminal_Run_Total,CV_Terminal_Run_Total,Average_Production_Total,CV_Production_Total,Average_Escapement_Age3,CV_Escapement_Age3,Average_Terminal_Run_Age3,CV_Terminal_Run_Age3,Average_Production_Age3,CV_Production_Age3,Average_Escapement_Age4,CV_Escapement_Age4,Average_Terminal_Run_Age4,CV_Terminal_Run_Age4,Average_Production_Age4,CV_Production_Age4,Average_Escapement_Age5,CV_Escapement_Age5,Average_Terminal_Run_Age5,CV_Terminal_Run_Age5,Average_Production_Age5,CV_Production_Age5,Average_Escapement_Age6,CV_Escapement_Age6,Average_Terminal_Run_Age6,CV_Terminal_Run_Age6,Average_Production_Age6,CV_Production_Age6
Atnarko,Chinook salmon,Escapement,2017,1990,NA,NA,NA,NA,NA,NA,1013,NA,NA,NA,NA,NA,NA,NA,NA,NA,NA,NA,NA,NA,NA,NA,NA,NA,NA,NA,NA,NA,NA,NA
,,,NA,1991,NA,NA,NA,NA,NA,NA,828,NA,NA,NA,NA,NA,3476,NA,NA,NA,NA,NA,NA,NA,NA,NA,NA,NA,NA,NA,NA,NA,NA,NA
,,,NA,1992,NA,NA,NA,NA,NA,NA,2143,NA,NA,NA,NA,NA,14288,NA,NA,NA,NA,NA,16074,NA,NA,NA,NA,NA,NA,NA,NA,NA,NA,NA
,,,NA,1993,35431,NA,NA,NA,NA,NA,4662,NA,NA,NA,NA,NA,13986,NA,NA,NA,NA,NA,14918,NA,NA,NA,NA,NA,1865,NA,NA,NA,NA,NA
,,,NA,1994,28177,NA,NA,NA,NA,NA,4432,NA,NA,NA,NA,NA,9574,NA,NA,NA,NA,NA,12664,NA,NA,NA,NA,NA,1507,NA,NA,NA,NA,NA
,,,NA,1995,23420,NA,NA,NA,NA,NA,1899,NA,NA,NA,NA,NA,6330,NA,NA,NA,NA,NA,14242,NA,NA,NA,NA,NA,949,NA,NA,NA,NA,NA
,,,NA,1996,20767,NA,NA,NA,NA,NA,2307,NA,NA,NA,NA,NA,7252,NA,NA,NA,NA,NA,10219,NA,NA,NA,NA,NA,989,NA,NA,NA,NA,NA
,,,NA,1997,11251,NA,NA,NA,NA,NA,865,NA,NA,NA,NA,NA,3462,NA,NA,NA,NA,NA,5626,NA,NA,NA,NA,NA,1298,NA,NA,NA,NA,NA
,,,NA,1998,13471,NA,NA,NA,NA,NA,2309,NA,NA,NA,NA,NA,3849,NA,NA,NA,NA,NA,6543,NA,NA,NA,NA,NA,770,NA,NA,NA,NA,NA
,,,NA,1999,16550,NA,NA,NA,NA,NA,1267,NA,NA,NA,NA,NA,7697,NA,NA,NA,NA,NA,7412,NA,NA,NA,NA,NA,174,NA,NA,NA,NA,NA
,,,NA,2000,17352,NA,NA,NA,NA,NA,352,NA,NA,NA,NA,NA,5534,NA,NA,NA,NA,NA,10538,NA,NA,NA,NA,NA,928,NA,NA,NA,NA,NA
,,,NA,2001,21635,NA,NA,NA,NA,NA,3027,NA,NA,NA,NA,NA,3979,NA,NA,NA,NA,NA,12275,NA,NA,NA,NA,NA,2354,NA,NA,NA,NA,NA
,,,NA,2002,11512,NA,NA,NA,NA,NA,856,NA,NA,NA,NA,NA,5756,NA,NA,NA,NA,NA,3422,NA,NA,NA,NA,NA,1478,NA,NA,NA,NA,NA
,,,NA,2003,12619,NA,NA,NA,NA,NA,837,NA,NA,NA,NA,NA,3863,NA,NA,NA,NA,NA,6889,NA,NA,NA,NA,NA,1030,NA,NA,NA,NA,NA
,,,NA,2004,11825,NA,NA,NA,NA,NA,348,NA,NA,NA,NA,NA,3478,NA,NA,NA,NA,NA,6260,NA,NA,NA,NA,NA,1739,NA,NA,NA,NA,NA
,,,NA,2005,11678,NA,NA,NA,NA,NA,172,NA,NA,NA,NA,NA,4465,NA,NA,NA,NA,NA,5839,NA,NA,NA,NA,NA,1202,NA,NA,NA,NA,NA
,,,NA,2006,19287,NA,NA,NA,NA,NA,542,NA,NA,NA,NA,NA,5851,NA,NA,NA,NA,NA,11594,NA,NA,NA,NA,NA,1300,NA,NA,NA,NA,NA
,,,NA,2007,8230,NA,NA,NA,NA,NA,850,NA,NA,NA,NA,NA,1524,NA,NA,NA,NA,NA,5246,NA,NA,NA,NA,NA,610,NA,NA,NA,NA,NA
,,,NA,2008,7288,NA,NA,NA,NA,NA,1962,NA,NA,NA,NA,NA,2429,NA,NA,NA,NA,NA,2243,NA,NA,NA,NA,NA,654,NA,NA,NA,NA,NA
,,,NA,2009,10926,NA,NA,NA,NA,NA,1380,NA,NA,NA,NA,NA,5407,NA,NA,NA,NA,NA,4027,NA,NA,NA,NA,NA,112,NA,NA,NA,NA,NA
,,,NA,2010,10497,NA,NA,NA,NA,NA,1136,NA,NA,NA,NA,NA,3476,NA,NA,NA,NA,NA,5369,NA,NA,NA,NA,NA,516,NA,NA,NA,NA,NA
,,,NA,2011,8644,NA,NA,NA,NA,NA,386,NA,NA,NA,NA,NA,4039,NA,NA,NA,NA,NA,4065,NA,NA,NA,NA,NA,154,NA,NA,NA,NA,NA
,,,NA,2012,7426,NA,NA,NA,NA,NA,1812,NA,NA,NA,NA,NA,2714,NA,NA,NA,NA,NA,2565,NA,NA,NA,NA,NA,335,NA,NA,NA,NA,NA
,,,NA,2013,22690,NA,NA,NA,NA,NA,4818,NA,NA,NA,NA,NA,10750,NA,NA,NA,NA,NA,6949,NA,NA,NA,NA,NA,173,NA,NA,NA,NA,NA
,,,NA,2014,19180,NA,NA,NA,NA,NA,2958,NA,NA,NA,NA,NA,7406,NA,NA,NA,NA,NA,7601,NA,NA,NA,NA,NA,1215,NA,NA,NA,NA,NA
,,,NA,2015,44594,NA,NA,NA,NA,NA,7204,NA,NA,NA,NA,NA,25331,NA,NA,NA,NA,NA,11667,NA,NA,NA,NA,NA,392,NA,NA,NA,NA,NA
,,,NA,2016,24634,NA,NA,NA,NA,NA,4398,NA,NA,NA,NA,NA,12222,NA,NA,NA,NA,NA,7760,NA,NA,NA,NA,NA,254,NA,NA,NA,NA,NA
,,,NA,2017,10395,NA,NA,NA,NA,NA,1912,NA,NA,NA,NA,NA,4189,NA,NA,NA,NA,NA,4148,NA,NA,NA,NA,NA,146,NA,NA,NA,NA,NA
