Stock_Name,Stock_Species,Stock_Abundance,Forecasting_Year,Run_Year,Brood_Year,Age_Class,Average_Escapement,CV_Escapement,Average_Terminal_Run,CV_Terminal_Run,Average_Production,CV_Production
HAR,Chinook salmon,Terminal Run,2017,1986,1981,5,NA,NA,5549,NA,NA,NA
,,,NA,1985,1981,4,NA,NA,111212,NA,NA,NA
,,,NA,1984,1981,3,NA,NA,45146,NA,NA,NA
,,,NA,1987,1982,5,NA,NA,10108,NA,NA,NA
,,,NA,1986,1982,4,NA,NA,139135,NA,NA,NA
,,,NA,1985,1982,3,NA,NA,54287,NA,NA,NA
,,,NA,1988,1983,5,NA,NA,2201,NA,NA,NA
,,,NA,1987,1983,4,NA,NA,53505,NA,NA,NA
,,,NA,1986,1983,3,NA,NA,18046,NA,NA,NA
,,,NA,1989,1984,5,NA,NA,4801,NA,NA,NA
,,,NA,1988,1984,4,NA,NA,28657,NA,NA,NA
,,,NA,1987,1984,3,NA,NA,16077,NA,NA,NA
,,,NA,1990,1985,5,NA,NA,5359,NA,NA,NA
,,,NA,1989,1985,4,NA,NA,24928,NA,NA,NA
,,,NA,1988,1985,3,NA,NA,4400,NA,NA,NA
,,,NA,1991,1986,5,NA,NA,11883,NA,NA,NA
,,,NA,1990,1986,4,NA,NA,155791,NA,NA,NA
,,,NA,1989,1986,3,NA,NA,46021,NA,NA,NA
,,,NA,1992,1987,5,NA,NA,3274,NA,NA,NA
,,,NA,1991,1987,4,NA,NA,48923,NA,NA,NA
,,,NA,1990,1987,3,NA,NA,16977,NA,NA,NA
,,,NA,1993,1988,5,NA,NA,5928,NA,NA,NA
,,,NA,1992,1988,4,NA,NA,92726,NA,NA,NA
,,,NA,1991,1988,3,NA,NA,30975,NA,NA,NA
,,,NA,1994,1989,5,NA,NA,2715,NA,NA,NA
,,,NA,1993,1989,4,NA,NA,66668,NA,NA,NA
,,,NA,1992,1989,3,NA,NA,35883,NA,NA,NA
,,,NA,1995,1990,5,NA,NA,4610,NA,NA,NA
,,,NA,1994,1990,4,NA,NA,86865,NA,NA,NA
,,,NA,1993,1990,3,NA,NA,47446,NA,NA,NA
,,,NA,1996,1991,5,NA,NA,950,NA,NA,NA
,,,NA,1995,1991,4,NA,NA,12992,NA,NA,NA
,,,NA,1994,1991,3,NA,NA,9710,NA,NA,NA
,,,NA,1997,1992,5,NA,NA,2421,NA,NA,NA
,,,NA,1996,1992,4,NA,NA,22937,NA,NA,NA
,,,NA,1995,1992,3,NA,NA,11146,NA,NA,NA
,,,NA,1998,1993,5,NA,NA,4253,NA,NA,NA
,,,NA,1997,1993,4,NA,NA,26581,NA,NA,NA
,,,NA,1996,1993,3,NA,NA,18085,NA,NA,NA
,,,NA,1999,1994,5,NA,NA,14204,NA,NA,NA
,,,NA,1998,1994,4,NA,NA,175648,NA,NA,NA
,,,NA,1997,1994,3,NA,NA,43941,NA,NA,NA
,,,NA,2000,1995,5,NA,NA,3746,NA,NA,NA
,,,NA,1999,1995,4,NA,NA,43356,NA,NA,NA
,,,NA,1998,1995,3,NA,NA,24529,NA,NA,NA
,,,NA,2001,1996,5,NA,NA,10019,NA,NA,NA
,,,NA,2000,1996,4,NA,NA,62989,NA,NA,NA
,,,NA,1999,1996,3,NA,NA,49092,NA,NA,NA
,,,NA,2002,1997,5,NA,NA,2960,NA,NA,NA
,,,NA,2001,1997,4,NA,NA,64494,NA,NA,NA
,,,NA,2000,1997,3,NA,NA,20178,NA,NA,NA
,,,NA,2003,1998,5,NA,NA,12705,NA,NA,NA
,,,NA,2002,1998,4,NA,NA,63441,NA,NA,NA
,,,NA,2001,1998,3,NA,NA,41588,NA,NA,NA
,,,NA,2004,1999,5,NA,NA,17767,NA,NA,NA
,,,NA,2003,1999,4,NA,NA,192927,NA,NA,NA
,,,NA,2002,1999,3,NA,NA,26510,NA,NA,NA
,,,NA,2005,2000,5,NA,NA,11768,NA,NA,NA
,,,NA,2004,2000,4,NA,NA,99252,NA,NA,NA
,,,NA,2003,2000,3,NA,NA,43118,NA,NA,NA
,,,NA,2006,2001,5,NA,NA,3427,NA,NA,NA
,,,NA,2005,2001,4,NA,NA,59132,NA,NA,NA
,,,NA,2004,2001,3,NA,NA,26367,NA,NA,NA
,,,NA,2007,2002,5,NA,NA,2044,NA,NA,NA
,,,NA,2006,2002,4,NA,NA,34553,NA,NA,NA
,,,NA,2005,2002,3,NA,NA,18290,NA,NA,NA
,,,NA,2008,2003,5,NA,NA,2001,NA,NA,NA
,,,NA,2007,2003,4,NA,NA,64839,NA,NA,NA
,,,NA,2006,2003,3,NA,NA,23133,NA,NA,NA
,,,NA,2009,2004,5,NA,NA,1695,NA,NA,NA
,,,NA,2008,2004,4,NA,NA,16166,NA,NA,NA
,,,NA,2007,2004,3,NA,NA,15979,NA,NA,NA
,,,NA,2010,2005,5,NA,NA,7145,NA,NA,NA
,,,NA,2009,2005,4,NA,NA,62615,NA,NA,NA
,,,NA,2008,2005,3,NA,NA,25328,NA,NA,NA
,,,NA,2011,2006,5,NA,NA,1387,NA,NA,NA
,,,NA,2010,2006,4,NA,NA,17379,NA,NA,NA
,,,NA,2009,2006,3,NA,NA,15359,NA,NA,NA
,,,NA,2012,2007,5,NA,NA,3807,NA,NA,NA
,,,NA,2011,2007,4,NA,NA,104235,NA,NA,NA
,,,NA,2010,2007,3,NA,NA,82618,NA,NA,NA
,,,NA,2013,2008,5,NA,NA,877,NA,NA,NA
,,,NA,2012,2008,4,NA,NA,28357,NA,NA,NA
,,,NA,2011,2008,3,NA,NA,20567,NA,NA,NA
,,,NA,2014,2009,5,NA,NA,2490,NA,NA,NA
,,,NA,2013,2009,4,NA,NA,29066,NA,NA,NA
,,,NA,2012,2009,3,NA,NA,16033,NA,NA,NA
,,,NA,2015,2010,5,NA,NA,2378,NA,NA,NA
,,,NA,2014,2010,4,NA,NA,29375,NA,NA,NA
,,,NA,2013,2010,3,NA,NA,19489,NA,NA,NA
,,,NA,2016,2011,5,NA,NA,3510,NA,NA,NA
,,,NA,2015,2011,4,NA,NA,92156,NA,NA,NA
,,,NA,2014,2011,3,NA,NA,15538,NA,NA,NA
,,,NA,2016,2012,4,NA,NA,20028,NA,NA,NA
,,,NA,2015,2012,3,NA,NA,12528,NA,NA,NA
,,,NA,2016,2013,3,NA,NA,25615,NA,NA,NA
